클리오(237880),시가,고가,저가,종가,거래량,시가총액(백만),상장주식수(주)
2016-11-09,39950,40450,31550,36800,1625088,620934.0,16873215.0
2016-11-10,37350,40300,37000,39100,567440,659743.0,16873215.0
2016-11-11,40150,41300,38750,39950,332695,674085.0,16873215.0
2016-11-14,40150,41150,38700,40950,214893,690958.0,16873215.0
2016-11-15,41000,41100,39850,40550,118323,684209.0,16873215.0
2016-11-16,40600,40600,39300,39400,86171,664805.0,16873215.0
2016-11-17,39400,39550,38000,38100,119749,642869.0,16873215.0
2016-11-18,38000,38350,35650,36200,147646,610810.0,16873215.0
2016-11-21,36000,36200,33350,34150,134112,576220.0,16873215.0
2016-11-22,34850,35500,34000,34450,85396,581282.0,16873215.0
2016-11-23,34450,34850,32400,34000,55966,573689.0,16873215.0
2016-11-24,33900,33900,30700,31550,254323,532350.0,16873215.0
2016-11-25,31250,33500,30400,31450,164384,530663.0,16873215.0
2016-11-28,31850,32000,30600,30600,52486,516320.0,16873215.0
2016-11-29,30600,31600,30100,31050,85337,523913.0,16873215.0
2016-11-30,31050,32500,31050,32000,99021,539943.0,16873215.0
2016-12-01,31550,32050,31300,31550,12634,532350.0,16873215.0
2016-12-02,31600,31800,30600,30600,23048,516320.0,16873215.0
2016-12-05,30150,30700,29450,30300,76928,511258.0,16873215.0
2016-12-06,30700,30800,30000,30300,24224,511258.0,16873215.0
2016-12-07,30400,33350,30200,30350,66783,512102.0,16873215.0
2016-12-08,30350,31300,30150,30400,94258,512946.0,16873215.0
2016-12-09,30650,32300,30200,31550,212420,532350.0,16873215.0
2016-12-12,31750,32200,31400,31600,61995,533194.0,16873215.0
2016-12-13,31900,33150,31600,32750,110387,552598.0,16873215.0
2016-12-14,33200,33900,32650,33300,71223,561878.0,16873215.0
2016-12-15,32950,33350,32550,32700,102460,551754.0,16873215.0
2016-12-16,33850,34300,32900,33300,80655,561878.0,16873215.0
2016-12-19,33500,33550,32600,32700,28947,551754.0,16873215.0
2016-12-20,32750,33100,31650,31650,59951,534037.0,16873215.0
2016-12-21,31450,31650,30650,30650,62797,517164.0,16873215.0
2016-12-22,30650,31050,30150,30400,46371,512946.0,16873215.0
2016-12-23,30650,31350,30250,30950,35184,522226.0,16873215.0
2016-12-26,31050,31300,30600,30850,27148,520539.0,16873215.0
2016-12-27,31000,31650,30800,31600,104798,533194.0,16873215.0
2016-12-28,31200,31600,30400,31200,45096,526444.0,16873215.0
2016-12-29,30900,31250,30200,30600,37573,516320.0,16873215.0
2017-01-02,30650,30750,29700,30100,65023,507884.0,16873215.0
2017-01-03,30100,31000,29200,30850,91544,520539.0,16873215.0
2017-01-04,31000,31000,29950,30050,44136,507040.0,16873215.0
2017-01-05,30100,30200,29800,29800,34160,502822.0,16873215.0
2017-01-06,29800,30150,29600,29900,49969,504509.0,16873215.0
2017-01-09,30000,30050,28200,28200,78536,475825.0,16873215.0
2017-01-10,28500,28900,27600,28000,52967,472450.0,16873215.0
2017-01-11,27800,28700,26500,28650,81955,483418.0,16873215.0
2017-01-12,28650,28900,28050,28450,31607,480043.0,16873215.0
2017-01-13,28800,29550,28600,29050,27895,490167.0,16873215.0
2017-01-16,29100,29750,29100,29400,24578,496073.0,16873215.0
2017-01-17,29700,30700,29650,30450,60944,513789.0,16873215.0
2017-01-18,30550,37700,30550,32350,260639,545849.0,16873215.0
2017-01-19,32200,33250,31350,32150,73798,542474.0,16873215.0
2017-01-20,32150,33800,31900,33100,45613,558503.0,16873215.0
2017-01-23,33200,34800,33200,34200,132637,577064.0,16873215.0
2017-01-24,34000,34650,33700,34500,47096,582126.0,16873215.0
2017-01-25,34000,34750,33000,33400,41364,563565.0,16873215.0
2017-01-26,33300,33750,32000,33750,58448,569471.0,16873215.0
2017-01-31,33600,33800,33200,33500,11971,565253.0,16873215.0
2017-02-01,33150,33800,33050,33800,26827,570315.0,16873215.0
2017-02-02,33500,34000,32900,33100,17523,558503.0,16873215.0
2017-02-03,32850,33500,32000,32650,43046,550910.0,16873215.0
2017-02-06,32500,33000,31900,32950,28736,555972.0,16873215.0
2017-02-07,32950,33800,32500,33450,15237,564409.0,16873215.0
2017-02-08,33750,33750,32250,32800,18103,553441.0,16873215.0
2017-02-09,32800,32900,32300,32600,21291,550067.0,16873215.0
2017-02-10,32500,32900,32250,32550,13122,549223.0,16873215.0
2017-02-13,32650,33100,32100,32550,13544,549223.0,16873215.0
2017-02-14,32650,32950,31700,32500,36332,548379.0,16873215.0
2017-02-15,32450,33600,32150,33450,51267,564409.0,16873215.0
2017-02-16,33550,34550,32800,34300,46254,578751.0,16873215.0
2017-02-17,34500,36250,34400,35400,84361,597312.0,16873215.0
2017-02-20,35400,37350,35400,37150,80827,626840.0,16873215.0
2017-02-21,37150,40300,37000,39500,155538,666492.0,16873215.0
2017-02-22,39000,40000,38300,38550,80488,650462.0,16873215.0
2017-02-23,38550,40700,38100,40300,110498,679991.0,16873215.0
2017-02-24,40200,41250,38800,40500,100463,683365.0,16873215.0
2017-02-27,40500,41100,39950,41000,64380,691802.0,16873215.0
2017-02-28,40900,40900,39600,40400,30864,681678.0,16873215.0
2017-03-02,40400,40400,38500,39600,94475,668179.0,16873215.0
2017-03-03,39550,39550,37150,38000,107187,641182.0,16873215.0
2017-03-06,37550,38500,37000,38300,37660,646244.0,16873215.0
2017-03-07,37950,38550,37100,38300,30666,646244.0,16873215.0
2017-03-08,38500,39100,38250,39000,10654,658055.0,16873215.0
2017-03-09,39000,40650,39000,40400,52342,681678.0,16873215.0
2017-03-10,40400,40550,39150,39550,43982,667336.0,16873215.0
2017-03-13,39550,40200,39100,40050,38287,675772.0,16873215.0
2017-03-14,40500,40950,38750,39800,42274,671554.0,16873215.0
2017-03-15,40000,40250,38200,39000,51161,658055.0,16873215.0
2017-03-16,39800,40050,38700,39450,33191,665648.0,16873215.0
2017-03-17,39950,41000,39750,40450,43752,682522.0,16873215.0
2017-03-20,40450,41050,40100,41050,39701,692645.0,16873215.0
2017-03-21,41300,41350,40000,40700,41467,686740.0,16873215.0
2017-03-22,40450,41250,39800,41000,28456,691802.0,16873215.0
2017-03-23,41100,41150,40450,40500,47381,683365.0,16873215.0
2017-03-24,40500,40850,40050,40200,21353,678303.0,16873215.0
2017-03-27,40200,40950,39450,40600,12015,685053.0,16873215.0
2017-03-28,40350,41050,40200,41000,29469,691802.0,16873215.0
2017-03-29,40850,41000,40100,40100,17362,676616.0,16873215.0
2017-03-30,40000,41100,39800,40750,23123,687584.0,16873215.0
2017-03-31,41000,41050,40550,41000,10157,691802.0,16873215.0
2017-04-03,41000,41200,40900,41150,16572,694333.0,16873215.0
2017-04-04,41100,42850,41000,42250,80838,712893.0,16873215.0
2017-04-05,42800,43050,41650,42800,63704,722174.0,16873215.0
2017-04-06,43250,43250,41900,41900,31041,706988.0,16873215.0
2017-04-07,41500,42050,40600,41050,33757,692645.0,16873215.0
2017-04-10,41000,41000,40000,40000,23913,674929.0,16873215.0
2017-04-11,40000,40500,39600,39950,40003,674085.0,16873215.0
2017-04-12,40100,40500,39800,40000,24157,674929.0,16873215.0
2017-04-13,40100,40750,40050,40650,30956,685896.0,16873215.0
2017-04-14,40000,40750,40000,40000,5232,674929.0,16873215.0
2017-04-17,41000,42000,39900,40050,73242,675772.0,16873215.0
2017-04-18,40000,41150,39950,40500,31479,683365.0,16873215.0
2017-04-19,40950,41850,40550,41850,29409,706144.0,16873215.0
2017-04-20,41850,42100,40900,41200,33738,698262.0,16948095.0
2017-04-21,41200,41800,40700,41500,21977,703346.0,16948095.0
2017-04-24,41900,41900,41000,41350,18445,700804.0,16948095.0
2017-04-25,41400,41800,40800,40850,12752,692330.0,16948095.0
2017-04-26,41100,41100,38100,39800,34380,674534.0,16948095.0
2017-04-27,39800,40200,39350,39350,21831,666908.0,16948095.0
2017-04-28,39750,40200,39150,40200,25251,681313.0,16948095.0
2017-05-02,40100,40100,39400,39600,10616,671145.0,16948095.0
2017-05-04,40000,40500,39400,40500,24112,686398.0,16948095.0
2017-05-08,41000,41100,40200,41050,27210,695719.0,16948095.0
2017-05-10,41750,41750,39850,40000,49271,677924.0,16948095.0
2017-05-11,40250,43900,39900,43000,84901,728768.0,16948095.0
2017-05-12,43000,43250,42300,43000,117984,728768.0,16948095.0
2017-05-15,42800,42950,42050,42850,52629,726226.0,16948095.0
2017-05-16,42000,42850,41900,42350,52706,717752.0,16948095.0
2017-05-17,43000,43000,41500,41850,78475,709278.0,16948095.0
2017-05-18,42100,43250,40650,40750,102107,690635.0,16948095.0
2017-05-19,41400,41900,40700,41300,33899,699956.0,16948095.0
2017-05-22,42000,42450,41600,41900,40447,710125.0,16948095.0
2017-05-23,41950,42950,41700,41700,69633,706736.0,16948095.0
2017-05-24,41700,42450,41000,41200,20458,698262.0,16948095.0
2017-05-25,41250,42400,41000,42100,22357,713515.0,16948095.0
2017-05-26,42500,42500,40550,41550,49407,704193.0,16948095.0
2017-05-29,41500,41500,40650,41150,28200,697414.0,16948095.0
2017-05-30,40950,41500,40650,41500,28198,703346.0,16948095.0
2017-05-31,41550,41800,39700,39700,76768,672839.0,16948095.0
2017-06-01,40400,40400,38600,38800,53749,657586.0,16948095.0
2017-06-02,38800,39600,38100,38700,30219,655891.0,16948095.0
2017-06-05,38700,39500,38500,39450,15906,668602.0,16948095.0
2017-06-07,39100,40550,38500,40550,64174,687245.0,16948095.0
2017-06-08,40600,40900,39300,39600,77355,671145.0,16948095.0
2017-06-09,39800,40450,39400,39800,19497,674534.0,16948095.0
2017-06-12,40300,40300,39100,39500,10873,669450.0,16948095.0
2017-06-13,39800,40000,39000,40000,19202,677924.0,16948095.0
2017-06-14,40000,40000,39350,39500,7706,669450.0,16948095.0
2017-06-15,39600,39850,39100,39400,14092,667755.0,16948095.0
2017-06-16,39500,39750,39200,39500,9209,669450.0,16948095.0
2017-06-19,39500,39800,39250,39250,8330,665213.0,16948095.0
2017-06-20,39650,39650,38900,39050,10193,661823.0,16948095.0
2017-06-21,39300,39800,38800,39400,9434,667755.0,16948095.0
2017-06-22,39000,39600,38750,38950,7524,660128.0,16948095.0
2017-06-23,39100,39750,39100,39500,14874,669450.0,16948095.0
2017-06-26,39500,39600,38950,39500,7844,669450.0,16948095.0
2017-06-27,39500,40750,39500,39850,21133,675382.0,16948095.0
2017-06-28,39950,40500,38850,39800,15300,674534.0,16948095.0
2017-06-29,39850,40200,38850,38850,47384,658433.0,16948095.0
2017-06-30,38850,39750,38300,38800,7658,657586.0,16948095.0
2017-07-03,38800,39300,38200,38350,5465,649959.0,16948095.0
2017-07-04,38350,38550,36250,37800,35796,640638.0,16948095.0
2017-07-05,37700,37700,35650,36750,34118,622842.0,16948095.0
2017-07-06,36500,36500,34900,35100,69719,594878.0,16948095.0
2017-07-07,34950,35400,33800,34200,24364,579625.0,16948095.0
2017-07-10,34250,34250,32600,33000,27657,559287.0,16948095.0
2017-07-11,32700,33950,32650,33600,39173,569456.0,16948095.0
2017-07-12,33600,34050,32950,33800,178815,572846.0,16948095.0
2017-07-13,33400,34000,33200,33950,12153,575388.0,16948095.0
2017-07-14,33700,34200,32900,34200,14639,579625.0,16948095.0
2017-07-17,34200,34400,33200,33900,77381,574540.0,16948095.0
2017-07-18,33900,34400,33000,33500,19619,567761.0,16948095.0
2017-07-19,33500,33750,32900,33450,10653,566914.0,16948095.0
2017-07-20,33250,33850,32550,32800,20983,555898.0,16948095.0
2017-07-21,32800,33300,32450,32600,8510,552508.0,16948095.0
2017-07-24,33100,33100,31950,32000,12399,542339.0,16948095.0
2017-07-25,32000,32150,31750,32100,8299,544034.0,16948095.0
2017-07-26,31900,32750,31500,32500,15720,550813.0,16948095.0
2017-07-27,32500,32750,32250,32600,30197,552508.0,16948095.0
2017-07-28,32900,32900,32150,32600,11885,552508.0,16948095.0
2017-07-31,32250,32800,31200,32500,21546,550813.0,16948095.0
2017-08-01,32500,32600,32150,32250,8846,546576.0,16948095.0
2017-08-02,32500,32500,31600,32250,9448,546576.0,16948095.0
2017-08-03,32100,32750,31700,32500,13435,550813.0,16948095.0
2017-08-04,32500,33200,31950,33150,16511,561829.0,16948095.0
2017-08-07,33750,33750,32850,33550,10170,568609.0,16948095.0
2017-08-08,33000,33550,32950,33450,4680,566914.0,16948095.0
2017-08-09,33450,33700,32750,33200,7956,562677.0,16948095.0
2017-08-10,33700,33700,32750,33150,8310,561829.0,16948095.0
2017-08-11,32600,34350,32600,33100,34188,560982.0,16948095.0
2017-08-14,32400,33450,32400,33450,12732,566914.0,16948095.0
2017-08-16,33450,34400,33100,34200,12508,579625.0,16948095.0
2017-08-17,33700,34450,33700,34000,10017,576235.0,16948095.0
2017-08-18,33200,34450,33200,34400,10762,583014.0,16948095.0
2017-08-21,33850,34750,33800,34350,9790,582167.0,16948095.0
2017-08-22,34500,34500,33100,33900,10716,574540.0,16948095.0
2017-08-23,33550,34150,33350,33500,9554,567761.0,16948095.0
2017-08-24,33300,34150,33300,33800,12289,572846.0,16948095.0
2017-08-25,33750,34000,33500,33650,7360,570303.0,16948095.0
2017-08-28,34000,34000,33450,33800,3236,572846.0,16948095.0
2017-08-29,33500,33800,33500,33550,6599,568609.0,16948095.0
2017-08-30,33450,33850,33450,33850,4906,573693.0,16948095.0
2017-08-31,33650,33950,33350,33900,9291,574540.0,16948095.0
2017-09-01,33650,33650,33000,33200,15812,562677.0,16948095.0
2017-09-04,33000,33350,32500,32550,8931,551660.0,16948095.0
2017-09-05,32150,32700,32150,32200,3143,545729.0,16948095.0
2017-09-06,31850,32500,31800,32400,28360,549118.0,16948095.0
2017-09-07,32400,32400,31750,31900,4849,540644.0,16948095.0
2017-09-08,31900,32300,31100,32000,7157,542339.0,16948095.0
2017-09-11,32000,32300,31300,31500,12495,533865.0,16948095.0
2017-09-12,31350,31450,30800,31400,53833,532170.0,16948095.0
2017-09-13,31600,31600,30400,30550,43550,517764.0,16948095.0
2017-09-14,30200,30550,30050,30400,12236,515222.0,16948095.0
2017-09-15,30500,31000,29700,31000,5389,525391.0,16948095.0
2017-09-18,31000,31050,30450,30600,8237,518612.0,16948095.0
2017-09-19,30600,31000,30200,30600,3900,518612.0,16948095.0
2017-09-20,30600,30650,30100,30450,4985,516069.0,16948095.0
2017-09-21,30100,30450,29800,30200,18642,511832.0,16948095.0
2017-09-22,29950,35000,29900,31600,46425,535560.0,16948095.0
2017-09-25,31650,31750,30650,31000,13626,525391.0,16948095.0
2017-09-26,30450,32300,30450,32300,7998,547423.0,16948095.0
2017-09-27,31850,32100,31250,31350,9061,531323.0,16948095.0
2017-09-28,31350,32700,30850,31600,7205,535560.0,16948095.0
2017-09-29,32200,33250,31300,32900,16978,557592.0,16948095.0
2017-10-10,32350,33000,31650,32950,4165,558440.0,16948095.0
2017-10-11,32400,32450,31800,32000,24217,542339.0,16948095.0
2017-10-12,31900,32200,31650,31800,9817,538949.0,16948095.0
2017-10-13,31500,33400,31400,31850,67196,539797.0,16948095.0
2017-10-16,31800,32750,31600,31800,47070,538949.0,16948095.0
2017-10-17,31800,32400,29750,30350,38114,514375.0,16948095.0
2017-10-18,30100,30300,29300,29300,14450,496579.0,16948095.0
2017-10-19,29300,29650,28900,29100,12356,493190.0,16948095.0
2017-10-20,29400,29450,28800,29400,3446,498274.0,16948095.0
2017-10-23,29400,29950,28750,29700,2464,503358.0,16948095.0
2017-10-24,29600,30250,29250,30200,7493,511832.0,16948095.0
2017-10-25,30200,31000,29950,30950,9469,524544.0,16948095.0
2017-10-26,31250,33750,30600,33400,39810,566066.0,16948095.0
2017-10-27,34250,34250,32700,33450,21670,566914.0,16948095.0
2017-10-30,33800,34400,33500,34250,26711,580472.0,16948095.0
2017-10-31,34600,35350,33450,34200,22638,579625.0,16948095.0
2017-11-01,33600,34000,32400,32550,14214,551660.0,16948095.0
2017-11-02,32550,33200,32100,32950,15825,558440.0,16948095.0
2017-11-03,32700,33850,32450,33050,16555,560135.0,16948095.0
2017-11-06,32500,33250,31800,33200,25714,562677.0,16948095.0
2017-11-07,33000,33600,32400,33500,18888,567761.0,16948095.0
2017-11-08,33300,34050,33300,34000,21674,576235.0,16948095.0
2017-11-09,33700,34400,33500,34200,15925,579625.0,16948095.0
2017-11-10,34450,34450,33700,34300,14700,581320.0,16948095.0
2017-11-13,34200,34700,33950,34550,37292,585557.0,16948095.0
2017-11-14,35000,36200,34700,35600,102900,603352.0,16948095.0
2017-11-15,35800,37300,35800,37200,82509,630469.0,16948095.0
2017-11-16,37200,37900,36500,37900,51113,642333.0,16948095.0
2017-11-17,37400,37850,36300,37000,16710,627080.0,16948095.0
2017-11-20,36700,38250,36450,37600,15863,637248.0,16948095.0
2017-11-21,38500,38700,35800,36350,29233,616063.0,16948095.0
2017-11-22,35650,37250,33650,36900,105676,625385.0,16948095.0
2017-11-23,37550,38400,36300,37950,50286,643180.0,16948095.0
2017-11-24,37950,38100,36050,36050,40239,610979.0,16948095.0
2017-11-27,35600,37750,35600,37400,54408,633859.0,16948095.0
2017-11-28,37500,39750,36650,37400,88524,633859.0,16948095.0
2017-11-29,36850,40000,36850,39150,84276,663518.0,16948095.0
2017-11-30,39400,39700,37600,39700,51167,672839.0,16948095.0
2017-12-01,39700,39800,37650,38500,24604,652502.0,16948095.0
2017-12-04,38500,39350,38000,38300,17281,649112.0,16948095.0
2017-12-05,37500,39050,37000,37350,45470,633011.0,16948095.0
2017-12-06,37850,38650,37350,38500,28802,652502.0,16948095.0
2017-12-07,38500,38850,37400,38050,22090,644875.0,16948095.0
2017-12-08,38050,38450,37000,37000,8548,627080.0,16948095.0
2017-12-11,37800,39650,35000,39350,67767,666908.0,16948095.0
2017-12-12,39400,39550,36100,37800,41309,640638.0,16948095.0
2017-12-13,37800,40650,37700,38800,44486,657586.0,16948095.0
2017-12-14,38700,39300,37400,38500,55247,652502.0,16948095.0
2017-12-15,38500,40500,37750,40450,98199,685550.0,16948095.0
2017-12-18,40400,41550,39500,41400,110033,701651.0,16948095.0
2017-12-19,41050,41400,40350,41000,14967,694872.0,16948095.0
2017-12-20,41000,41000,39450,39500,6343,669450.0,16948095.0
2017-12-21,38450,40000,37100,39000,22419,660976.0,16948095.0
2017-12-22,38950,39200,37250,39000,31484,660976.0,16948095.0
2017-12-26,38950,39700,38150,39050,35512,661823.0,16948095.0
2017-12-27,39050,39050,37150,37700,32098,638943.0,16948095.0
2017-12-28,37300,37700,36750,36750,17723,622842.0,16948095.0
2018-01-02,36550,36950,36050,36450,24893,617758.0,16948095.0
2018-01-03,36200,36800,35550,36650,30550,621148.0,16948095.0
2018-01-04,36400,36450,35300,35300,33563,598268.0,16948095.0
2018-01-05,34900,35500,34100,34100,35559,577930.0,16948095.0
2018-01-08,33650,34150,32600,32750,52438,555050.0,16948095.0
2018-01-09,32900,33200,32100,33000,36594,559287.0,16948095.0
2018-01-10,34500,35000,33450,33600,47735,569456.0,16948095.0
2018-01-11,33450,35550,33450,35550,33689,602505.0,16948095.0
2018-01-12,34700,35600,34600,35550,27663,602505.0,16948095.0
2018-01-15,35150,35900,33850,34300,34471,581320.0,16948095.0
2018-01-16,34050,35700,34000,35150,32079,595726.0,16948095.0
2018-01-17,35900,36450,34900,35250,49273,597420.0,16948095.0
2018-01-18,36000,37200,35600,37200,47707,630469.0,16948095.0
2018-01-19,37800,37800,36500,37700,37690,638943.0,16948095.0
2018-01-22,37900,38400,36250,38300,59996,649112.0,16948095.0
2018-01-23,38450,38450,37550,38400,23595,650807.0,16948095.0
2018-01-24,38500,38500,37100,37100,19260,628774.0,16948095.0
2018-01-25,37500,38000,36650,37100,17921,628774.0,16948095.0
2018-01-26,37500,37500,36550,37300,16914,632164.0,16948095.0
2018-01-29,37450,37750,35500,35750,41131,605894.0,16948095.0
2018-01-30,36200,36500,34800,34800,36927,589794.0,16948095.0
2018-01-31,35300,36900,34850,36300,33412,615216.0,16948095.0
2018-02-01,36850,38750,36600,38100,68096,645722.0,16948095.0
2018-02-02,38700,38700,36650,37000,36387,627080.0,16948095.0
2018-02-05,35400,37600,35400,35500,37385,601657.0,16948095.0
2018-02-06,34000,39600,34000,39600,67563,671145.0,16948095.0
2018-02-07,39550,41500,38300,39850,115586,675382.0,16948095.0
2018-02-08,39850,41200,37050,38000,139219,644028.0,16948095.0
2018-02-09,36800,37500,36100,36150,40219,612674.0,16948095.0
2018-02-12,36400,37000,35500,35700,30535,605047.0,16948095.0
2018-02-13,35900,36900,34950,35300,26680,598268.0,16948095.0
2018-02-14,35300,36100,34800,36050,35777,610979.0,16948095.0
2018-02-19,36350,37000,35400,37000,24516,627080.0,16948095.0
2018-02-20,37000,37400,35150,35400,24993,599963.0,16948095.0
2018-02-21,35700,36800,35250,36800,19574,623690.0,16948095.0
2018-02-22,36650,37200,35700,37000,24828,627080.0,16948095.0
2018-02-23,36700,36950,35900,36800,16134,623690.0,16948095.0
2018-02-26,37200,37300,35150,36700,27319,621995.0,16948095.0
2018-02-27,36250,36900,34550,34550,56000,585557.0,16948095.0
2018-02-28,34700,34700,33400,33400,22841,566066.0,16948095.0
2018-03-02,32700,33950,32600,33950,47597,575388.0,16948095.0
2018-03-05,33250,34700,33150,33950,20649,575388.0,16948095.0
2018-03-06,34950,34950,34400,34800,33869,589794.0,16948095.0
2018-03-07,35400,35400,34400,34400,31073,583014.0,16948095.0
2018-03-08,34400,35700,34400,35150,22039,595726.0,16948095.0
2018-03-09,35250,38250,35250,38000,62530,644028.0,16948095.0
2018-03-12,37850,38950,36950,38950,26968,660128.0,16948095.0
2018-03-13,38200,38800,37550,38200,18057,647417.0,16948095.0
2018-03-14,37600,38200,36500,36600,34100,620300.0,16948095.0
2018-03-15,36500,38000,35850,37750,23876,639791.0,16948095.0
2018-03-16,37600,38100,36750,37900,16326,642333.0,16948095.0
2018-03-19,38000,38000,36950,37100,7653,628774.0,16948095.0
2018-03-20,36500,37050,36200,36750,10416,622842.0,16948095.0
2018-03-21,36300,36850,34800,35050,43686,594031.0,16948095.0
2018-03-22,35300,35550,34850,34850,13328,590641.0,16948095.0
2018-03-23,34750,35450,33250,33250,28069,563524.0,16948095.0
2018-03-26,33150,34500,33100,34500,16384,584709.0,16948095.0
2018-03-27,34100,34450,33300,33400,28849,566066.0,16948095.0
2018-03-28,33350,33850,33300,33500,14438,567761.0,16948095.0
2018-03-29,33550,34250,33550,34200,20284,579625.0,16948095.0
2018-03-30,33800,33950,33300,33400,30196,566066.0,16948095.0
2018-04-02,34200,35900,33950,33950,89320,575388.0,16948095.0
2018-04-03,33700,34650,33300,34250,33299,580472.0,16948095.0
2018-04-04,37400,40350,35250,35500,247101,601657.0,16948095.0
2018-04-05,36400,36500,34300,34650,54563,587251.0,16948095.0
2018-04-06,34500,34850,33300,33650,41910,570303.0,16948095.0
2018-04-09,33650,34600,33650,34100,26142,577930.0,16948095.0
2018-04-10,34550,34550,33550,33800,22566,572846.0,16948095.0
2018-04-11,34100,35450,33900,35000,53588,593183.0,16948095.0
2018-04-12,35050,35200,34300,34650,27824,587251.0,16948095.0
2018-04-13,34300,35200,34300,34400,67745,583014.0,16948095.0
2018-04-16,34700,34950,34450,34950,31953,592336.0,16948095.0
2018-04-17,35000,35550,34400,35050,29613,594031.0,16948095.0
2018-04-18,35100,35750,34750,35650,48722,604200.0,16948095.0
2018-04-19,36100,36750,35750,35750,67094,605894.0,16948095.0
2018-04-20,36600,36600,34800,35100,56701,594878.0,16948095.0
2018-04-23,35100,36350,34400,34450,60044,583862.0,16948095.0
2018-04-24,34450,36350,34450,36000,58905,610131.0,16948095.0
2018-04-25,36100,37100,35900,37000,84743,627479.0,16958895.0
2018-04-26,37450,37700,35700,36700,49324,622391.0,16958895.0
2018-04-27,36250,36900,35750,36800,27403,624087.0,16958895.0
2018-04-30,36450,37250,36100,36300,30743,615608.0,16958895.0
2018-05-02,36300,36700,35400,35650,32285,604585.0,16958895.0
2018-05-03,35650,35950,34900,34900,26126,591865.0,16958895.0
2018-05-04,35600,36650,35550,36000,52341,610520.0,16958895.0
2018-05-08,36750,36750,34750,34750,31864,589322.0,16958895.0
2018-05-09,34700,35650,34400,35600,29219,603737.0,16958895.0
2018-05-10,35600,35750,34750,35250,20581,597801.0,16958895.0
2018-05-11,35250,35750,34350,35000,31191,593561.0,16958895.0
2018-05-14,35000,35000,34150,34150,18974,579146.0,16958895.0
2018-05-15,34000,34050,31950,32300,100102,547772.0,16958895.0
2018-05-16,32200,32200,30100,30100,61655,510463.0,16958895.0
2018-05-17,30800,30850,30050,30300,51590,513855.0,16958895.0
2018-05-18,30400,31450,30250,31350,34869,531661.0,16958895.0
2018-05-21,30950,31000,30000,30150,36276,511311.0,16958895.0
2018-05-23,30150,30150,29450,29650,25069,502831.0,16958895.0
2018-05-24,29650,30700,29400,30700,25196,520638.0,16958895.0
2018-05-25,30600,30600,29050,29250,38735,496048.0,16958895.0
2018-05-28,29300,29800,28400,28750,53930,487568.0,16958895.0
2018-05-29,28650,28650,27550,27550,63602,467218.0,16958895.0
2018-05-30,27450,27550,25450,26000,116251,440931.0,16958895.0
2018-05-31,26450,26950,25800,26600,66949,451107.0,16958895.0
2018-06-01,26600,27400,26300,27200,24682,461282.0,16958895.0
2018-06-04,27200,27250,25150,26200,38455,444323.0,16958895.0
2018-06-05,26700,26700,25750,25800,33201,437539.0,16958895.0
2018-06-07,25900,26650,25900,26650,19749,451955.0,16958895.0
2018-06-08,26650,27500,26650,27150,27759,460434.0,16958895.0
2018-06-11,27050,27950,27050,27900,22599,473153.0,16958895.0
2018-06-12,28050,28150,27500,28000,27181,474849.0,16958895.0
2018-06-14,28050,28100,27300,27900,62862,473153.0,16958895.0
2018-06-15,27700,28400,27350,28400,62569,481633.0,16958895.0
2018-06-18,28400,28600,27550,28600,57653,485024.0,16958895.0
2018-06-19,28450,28600,27600,27600,18548,468066.0,16958895.0
2018-06-20,27550,28000,27000,27350,23486,463826.0,16958895.0
2018-06-21,27000,27350,26600,26600,19871,451107.0,16958895.0
2018-06-22,26600,27800,26350,27500,21554,466370.0,16958895.0
2018-06-25,27500,28000,27100,27550,13727,467218.0,16958895.0
2018-06-26,27550,27900,26700,27800,9375,471457.0,16958895.0
2018-06-27,27600,28750,27600,28100,15752,476545.0,16958895.0
2018-06-28,27600,29000,27600,28400,24090,481633.0,16958895.0
2018-06-29,28700,28900,27900,28450,23867,482481.0,16958895.0
2018-07-02,28450,28900,28000,28200,28056,478241.0,16958895.0
2018-07-03,28850,28850,28200,28500,14566,483329.0,16958895.0
2018-07-04,28500,28650,27950,28300,12056,479937.0,16958895.0
2018-07-05,28600,28650,26900,28250,19345,479089.0,16958895.0
2018-07-06,28200,28900,27650,28900,17855,490112.0,16958895.0
2018-07-09,29300,30250,28900,29400,49400,498592.0,16958895.0
2018-07-10,28950,29800,28700,28950,23952,490960.0,16958895.0
2018-07-11,28850,28850,27050,27750,33267,470609.0,16958895.0
2018-07-12,27900,27900,26900,27450,16156,465522.0,16958895.0
2018-07-13,27450,27650,26900,27450,6661,465522.0,16958895.0
2018-07-16,27450,27850,26900,27400,8760,464674.0,16958895.0
2018-07-17,27850,27850,27050,27100,6541,459586.0,16958895.0
2018-07-18,27000,27600,25250,25800,32856,437539.0,16958895.0
2018-07-19,25400,26050,24300,24300,28827,412101.0,16958895.0
2018-07-20,24200,24400,21950,22000,77480,373096.0,16958895.0
2018-07-23,22000,22350,21050,21050,36381,356985.0,16958895.0
2018-07-24,21800,21950,21000,21800,32228,369704.0,16958895.0
2018-07-25,21750,21800,21050,21300,23263,361224.0,16958895.0
2018-07-26,21250,21900,21250,21600,20850,366312.0,16958895.0
2018-07-27,21600,21600,21200,21400,10964,362920.0,16958895.0
2018-07-30,21200,21650,20900,21050,13663,356985.0,16958895.0
2018-07-31,21100,21550,20950,21150,13033,358681.0,16958895.0
2018-08-01,21600,22000,21200,21900,58133,371400.0,16958895.0
2018-08-02,21900,22000,20350,20550,64939,348505.0,16958895.0
2018-08-03,20750,20800,20400,20650,18958,350201.0,16958895.0
2018-08-06,21100,21100,20100,20250,41360,343418.0,16958895.0
2018-08-07,20450,20500,19950,20500,25644,347657.0,16958895.0
2018-08-08,20150,20450,19950,20000,25319,339178.0,16958895.0
2018-08-09,20050,20050,19150,19350,47202,328155.0,16958895.0
2018-08-10,19250,19350,18900,19300,20608,327307.0,16958895.0
2018-08-13,19300,19300,18150,18350,26083,311196.0,16958895.0
2018-08-14,18400,18800,18150,18350,31912,311196.0,16958895.0
2018-08-16,18400,18400,17300,18050,39510,306108.0,16958895.0
2018-08-17,18000,18200,17400,17450,35547,295933.0,16958895.0
2018-08-20,17500,17750,16850,17000,61672,288301.0,16958895.0
2018-08-21,17200,17350,16900,17300,68152,293389.0,16958895.0
2018-08-22,17450,17450,16900,16900,78103,286605.0,16958895.0
2018-08-23,17050,18750,17000,17300,637818,293389.0,16958895.0
2018-08-24,17350,17400,16350,16850,185908,285757.0,16958895.0
2018-08-27,17050,17200,16550,17000,104076,288301.0,16958895.0
2018-08-28,16900,17450,16850,17400,99970,295085.0,16958895.0
2018-08-29,17400,17500,16800,16900,131901,286605.0,16958895.0
2018-08-30,17300,18100,17100,17100,343858,289997.0,16958895.0
2018-08-31,17100,18200,17000,18100,209731,306956.0,16958895.0
2018-09-03,18200,18700,17950,18300,150016,310348.0,16958895.0
2018-09-04,18300,18400,17950,18150,66862,307804.0,16958895.0
2018-09-05,18150,18500,17650,17700,85432,300172.0,16958895.0
2018-09-06,17700,17850,17400,17500,56425,296781.0,16958895.0
2018-09-07,17350,17600,17050,17150,66052,290845.0,16958895.0
2018-09-10,17150,17500,16950,17300,47448,293389.0,16958895.0
2018-09-11,17450,18000,17350,17450,74726,295933.0,16958895.0
2018-09-12,17550,17600,17050,17200,50780,291693.0,16958895.0
2018-09-13,17300,17950,17050,17950,64954,304412.0,16958895.0
2018-09-14,17950,18500,17750,18500,136426,313740.0,16958895.0
2018-09-17,18550,19000,18050,19000,132061,322219.0,16958895.0
2018-09-18,18950,19200,18450,18550,118938,314588.0,16958895.0
2018-09-19,18700,18750,17900,17900,91351,303564.0,16958895.0
2018-09-20,18000,18300,17850,18000,52757,305260.0,16958895.0
2018-09-21,18250,18400,18000,18350,61662,311196.0,16958895.0
2018-09-27,18300,18700,18050,18550,69257,314588.0,16958895.0
2018-09-28,18400,18950,18350,18950,64897,321371.0,16958895.0
2018-10-01,19050,19900,18900,19800,200171,335786.0,16958895.0
2018-10-02,19950,20050,18500,18500,171480,313740.0,16958895.0
2018-10-04,18350,18500,17400,17600,107022,298477.0,16958895.0
2018-10-05,17450,17650,16900,17450,60535,295933.0,16958895.0
2018-10-08,17150,17800,16950,16950,40603,287453.0,16958895.0
2018-10-10,16800,17300,15500,15700,78640,266255.0,16958895.0
2018-10-11,14800,15300,14100,14300,87982,242512.0,16958895.0
2018-10-12,14000,14750,13850,14750,74296,250144.0,16958895.0
2018-10-15,14600,14650,14050,14050,76530,238272.0,16958895.0
2018-10-16,14050,14350,13900,13900,60721,235729.0,16958895.0
2018-10-17,14000,14450,13850,14150,69033,239968.0,16958895.0
2018-10-18,14200,14300,13500,13650,59048,231489.0,16958895.0
2018-10-19,13550,14200,13000,14150,63644,239968.0,16958895.0
2018-10-22,14050,14600,13950,14300,53118,242512.0,16958895.0
2018-10-23,14300,14300,13600,13850,48539,234881.0,16958895.0
2018-10-24,14000,14150,13400,13550,45184,229793.0,16958895.0
2018-10-25,12950,13300,12700,13150,77299,223009.0,16958895.0
2018-10-26,13200,13450,12000,12050,76069,204355.0,16958895.0
2018-10-29,11800,12300,10950,11000,82518,186548.0,16958895.0
2018-10-30,10200,11100,10200,10800,179051,183156.0,16958895.0
2018-10-31,10700,11050,10550,10900,595894,184852.0,16958895.0
2018-11-01,11150,11500,10750,11000,231634,186548.0,16958895.0
2018-11-02,11250,11800,11200,11600,259279,196723.0,16958895.0
2018-11-05,11550,11550,11000,11200,150065,189940.0,16958895.0
2018-11-06,11250,11500,10850,11000,149051,186548.0,16958895.0
2018-11-07,11150,11350,10700,10900,212544,184852.0,16958895.0
2018-11-08,11150,11450,10950,11400,233760,193331.0,16958895.0
2018-11-09,11300,11600,10750,10850,183959,184004.0,16958895.0
2018-11-12,10850,11250,10400,10750,167058,182308.0,16958895.0
2018-11-13,10500,10850,10300,10750,98721,182308.0,16958895.0
2018-11-14,10750,11700,10600,11100,212082,188244.0,16958895.0
2018-11-15,11200,11750,10900,11700,161269,198419.0,16958895.0
2018-11-16,11800,12200,11450,11700,321759,198419.0,16958895.0
2018-11-19,11800,12200,11700,12050,132402,204355.0,16958895.0
2018-11-20,11700,11800,11500,11650,102647,197571.0,16958895.0
2018-11-21,11450,13450,11000,12750,1291456,216226.0,16958895.0
2018-11-22,12700,13000,12150,12350,345337,209442.0,16958895.0
2018-11-23,12300,12350,11650,11750,225248,199267.0,16958895.0
2018-11-26,11800,12200,11600,12100,158124,205203.0,16958895.0
2018-11-27,12200,12350,11850,12250,151368,207746.0,16958895.0
2018-11-28,12350,12500,12000,12350,124350,209442.0,16958895.0
2018-11-29,12550,12650,12150,12150,157463,206051.0,16958895.0
2018-11-30,12050,12800,12050,12700,272334,215378.0,16958895.0
2018-12-03,13000,13100,12600,12800,165078,217074.0,16958895.0
2018-12-04,12800,12800,12250,12400,138904,210290.0,16958895.0
2018-12-05,12050,12350,11950,12150,92802,206051.0,16958895.0
2018-12-06,12200,12200,11250,11400,119963,193331.0,16958895.0
2018-12-07,11550,11650,11150,11450,71531,194179.0,16958895.0
2018-12-10,11450,12550,11200,11850,390646,200963.0,16958895.0
2018-12-11,11950,12000,11450,11500,104891,195027.0,16958895.0
2018-12-12,11500,13400,11500,13150,743241,223128.0,16967895.0
2018-12-13,13050,13700,12800,13500,410176,229067.0,16967895.0
2018-12-14,13350,14350,12800,13750,451352,233309.0,16967895.0
2018-12-17,13650,14100,13250,14100,227506,239247.0,16967895.0
2018-12-18,13750,16100,13650,14800,827808,251125.0,16967895.0
2018-12-19,14850,15000,14050,14150,322687,240096.0,16967895.0
2018-12-20,14000,14550,13350,13450,285399,228218.0,16967895.0
2018-12-21,13700,14550,13650,14000,336269,237551.0,16967895.0
2018-12-24,13950,14450,13650,13650,155718,231612.0,16967895.0
2018-12-26,13250,13950,13250,13700,275967,232460.0,16967895.0
2018-12-27,14100,14650,13650,14550,174218,246883.0,16967895.0
2018-12-28,14500,14800,14150,14450,120973,245186.0,16967895.0
2019-01-02,14550,14750,13650,13900,129491,235854.0,16967895.0
2019-01-03,13850,14000,12900,12950,161302,219734.0,16967895.0
2019-01-04,12550,12750,10850,10950,675491,185798.0,16967895.0
2019-01-07,11150,11200,10500,10900,332893,184950.0,16967895.0
2019-01-08,11000,11700,10950,11150,417807,189192.0,16967895.0
2019-01-09,11250,11500,11100,11350,165432,192586.0,16967895.0
2019-01-10,11400,11650,11250,11300,171857,191737.0,16967895.0
2019-01-11,11300,11450,11150,11200,108593,190040.0,16967895.0
2019-01-14,11250,11550,11050,11200,106122,190040.0,16967895.0
2019-01-15,11200,11350,11100,11250,125624,190889.0,16967895.0
2019-01-16,11350,11450,11100,11100,83650,188344.0,16967895.0
2019-01-17,11250,11300,10700,10850,140256,184102.0,16967895.0
2019-01-18,10850,11000,10600,10600,154958,179860.0,16967895.0
2019-01-21,10750,11200,10700,11050,129590,187495.0,16967895.0
2019-01-22,11050,11600,11050,11550,225862,195979.0,16967895.0
2019-01-23,11550,13600,11250,12350,1285453,209554.0,16967895.0
2019-01-24,12450,13400,12200,12900,470618,218886.0,16967895.0
2019-01-25,12800,13650,12800,13250,184754,224825.0,16967895.0
2019-01-28,13350,13450,12900,13200,127326,223976.0,16967895.0
2019-01-29,13000,13650,12950,13150,161219,223128.0,16967895.0
2019-01-30,13250,13900,13000,13600,206897,230763.0,16967895.0
2019-01-31,13650,13900,13100,13500,135700,229067.0,16967895.0
2019-02-01,13450,13550,12700,12850,186776,218037.0,16967895.0
2019-02-07,13000,13000,12550,12900,100071,218886.0,16967895.0
2019-02-08,12900,12900,12150,12200,232050,207008.0,16967895.0
2019-02-11,12200,12350,11650,12150,117603,206160.0,16967895.0
2019-02-12,12250,12600,12100,12500,110016,212099.0,16967895.0
2019-02-13,12550,13100,12350,13000,163102,220583.0,16967895.0
2019-02-14,13050,13400,12850,13050,225506,221431.0,16967895.0
2019-02-15,13050,15550,13000,14650,1954861,248580.0,16967895.0
2019-02-18,14650,15100,14350,14900,389597,252822.0,16967895.0
2019-02-19,14800,16850,14500,16400,1357385,278273.0,16967895.0
2019-02-20,16000,17350,15900,16700,905281,283364.0,16967895.0
2019-02-21,16700,17300,16350,16800,385139,285061.0,16967895.0
2019-02-22,16800,17250,16050,16450,284187,279122.0,16967895.0
2019-02-25,16550,16750,16200,16200,265771,274880.0,16967895.0
2019-02-26,16250,16450,15850,16300,184169,276577.0,16967895.0
2019-02-27,16300,17600,16200,16450,447419,279122.0,16967895.0
2019-02-28,16700,17200,15550,15650,352916,265548.0,16967895.0
2019-03-04,16050,17150,16000,16950,219896,287606.0,16967895.0
2019-03-05,17100,17400,15900,16000,275177,271486.0,16967895.0
2019-03-06,16100,16150,15150,15750,228401,267244.0,16967895.0
2019-03-07,15650,16600,15350,15900,287080,269790.0,16967895.0
2019-03-08,15900,16450,15600,16400,241125,278273.0,16967895.0
2019-03-11,16450,16900,16150,16700,296867,283364.0,16967895.0
2019-03-12,16850,17200,16050,16100,405084,273183.0,16967895.0
2019-03-13,16150,16450,15800,16050,133449,272335.0,16967895.0
2019-03-14,16250,17000,16150,17000,275484,288454.0,16967895.0
2019-03-15,17250,19550,17150,18900,1922593,320693.0,16967895.0
2019-03-18,19100,19300,18650,19300,411766,327480.0,16967895.0
2019-03-19,19400,19450,18200,18250,341093,309664.0,16967895.0
2019-03-20,18250,19400,17450,19400,460584,329177.0,16967895.0
2019-03-21,19450,19450,18450,19000,253164,322390.0,16967895.0
2019-03-22,18800,19550,18250,18850,261487,319845.0,16967895.0
2019-03-25,18400,18950,18250,18250,154399,309664.0,16967895.0
2019-03-26,18450,19450,18450,18800,237551,318996.0,16967895.0
2019-03-27,19150,19350,18550,18950,159699,321542.0,16967895.0
2019-03-28,19150,19150,18400,18700,103427,317300.0,16967895.0
2019-03-29,18800,19500,18200,19250,213409,326632.0,16967895.0
2019-04-01,20050,21800,19400,19400,752613,329177.0,16967895.0
2019-04-02,19850,21600,19800,20800,1002218,352932.0,16967895.0
2019-04-03,20600,21000,20300,20600,326317,349539.0,16967895.0
2019-04-04,20750,20750,20000,20300,238826,344448.0,16967895.0
2019-04-05,20400,20400,19550,19850,254494,336813.0,16967895.0
2019-04-08,19900,20650,19900,20300,321859,344448.0,16967895.0
2019-04-09,20050,20650,19500,20450,250954,346993.0,16967895.0
2019-04-10,20350,20550,19850,20000,165239,339358.0,16967895.0
2019-04-11,20000,20700,20000,20700,145919,351235.0,16967895.0
2019-04-12,20850,21000,20400,21000,152057,356326.0,16967895.0
2019-04-15,21100,24450,21100,23700,1274277,402139.0,16967895.0
2019-04-16,23800,23800,22350,22350,414780,379232.0,16967895.0
2019-04-17,22200,22900,21850,22450,254924,380929.0,16967895.0
2019-04-18,22450,22450,20900,21300,264178,361416.0,16967895.0
2019-04-19,21350,23250,21350,22000,557351,373294.0,16967895.0
2019-04-22,22100,22200,21350,21750,124281,369052.0,16967895.0
2019-04-23,21950,22200,21400,21700,128542,368203.0,16967895.0
2019-04-24,21850,21900,20950,21400,106796,363113.0,16967895.0
2019-04-25,21550,21550,19050,19600,368007,332571.0,16967895.0
2019-04-26,19450,21100,19400,20300,419572,344448.0,16967895.0
2019-04-29,20500,21450,20300,21200,184385,359719.0,16967895.0
2019-04-30,21200,21250,20500,20900,117153,354629.0,16967895.0
2019-05-02,20900,21150,20500,20700,86823,351235.0,16967895.0
2019-05-03,20500,21100,20500,20700,83682,351235.0,16967895.0
2019-05-07,20300,21250,19800,20950,108116,355477.0,16967895.0
2019-05-08,20650,21100,20500,20550,65433,348690.0,16967895.0
2019-05-09,20550,21100,19900,20000,113482,339358.0,16967895.0
2019-05-10,20000,21050,20000,20700,160196,351235.0,16967895.0
2019-05-13,20800,21850,20600,20900,215762,354629.0,16967895.0
2019-05-14,20800,22500,20800,22350,526928,379232.0,16967895.0
2019-05-15,22300,22350,21750,22000,179171,373294.0,16967895.0
2019-05-16,22000,22000,20900,21150,158790,358871.0,16967895.0
2019-05-17,21550,21600,20600,20850,130699,353781.0,16967895.0
2019-05-20,20700,21500,20400,20550,137591,348690.0,16967895.0
2019-05-21,20600,21400,20250,20450,139638,346993.0,16967895.0
2019-05-22,20550,20750,20000,20100,103243,341055.0,16967895.0
2019-05-23,20050,20050,18100,18950,436813,321542.0,16967895.0
2019-05-24,18950,18950,17400,18050,255780,306271.0,16967895.0
2019-05-27,17650,19400,17650,18650,148604,316451.0,16967895.0
2019-05-28,18850,20300,18850,19900,270431,337661.0,16967895.0
2019-05-29,19600,19600,18950,19350,64669,328329.0,16967895.0
2019-05-30,19250,19850,19000,19400,97965,329177.0,16967895.0
2019-05-31,19450,20000,19000,19000,113477,322390.0,16967895.0
2019-06-03,19000,20000,18950,19750,86760,335116.0,16967895.0
2019-06-04,19650,20350,19500,20100,89723,341055.0,16967895.0
2019-06-05,20400,21550,20400,21200,269403,359719.0,16967895.0
2019-06-07,21300,22000,21300,21850,100853,370749.0,16967895.0
2019-06-10,22550,22550,21450,22300,157030,378384.0,16967895.0
2019-06-11,22800,24650,22650,23800,860034,403836.0,16967895.0
2019-06-12,23700,25100,23550,25100,432957,425894.0,16967895.0
2019-06-13,25150,25800,24650,25150,254971,426743.0,16967895.0
2019-06-14,25200,27300,23950,23950,404922,406381.0,16967895.0
2019-06-17,24100,25550,23100,23300,343747,395352.0,16967895.0
2019-06-18,23750,25000,23650,24100,238346,408926.0,16967895.0
2019-06-19,24350,25750,24150,24800,231329,420804.0,16967895.0
2019-06-20,25300,25500,23600,24250,153190,411471.0,16967895.0
2019-06-21,24000,24200,22450,22500,234266,381778.0,16967895.0
2019-06-24,22750,23100,22450,22900,88329,388565.0,16967895.0
2019-06-25,22900,23350,21800,22450,181684,380929.0,16967895.0
2019-06-26,22900,23250,22500,22600,129760,383474.0,16967895.0
2019-06-27,22600,23200,22100,22950,133004,389413.0,16967895.0
2019-06-28,22950,23350,22050,22150,122389,375839.0,16967895.0
2019-07-01,22800,24300,22700,23450,363161,397897.0,16967895.0
2019-07-02,23250,23300,21750,22500,293897,381778.0,16967895.0
2019-07-03,22700,23050,22000,22500,104227,381778.0,16967895.0
2019-07-04,22550,22850,21700,22200,121502,376687.0,16967895.0
2019-07-05,22250,23100,21950,22600,123635,383474.0,16967895.0
2019-07-08,22600,23150,22100,22100,141824,374990.0,16967895.0
2019-07-09,22450,22850,22050,22200,96374,376687.0,16967895.0
2019-07-10,22300,22650,22050,22150,45679,375839.0,16967895.0
2019-07-11,22350,22500,21350,22100,120855,374990.0,16967895.0
2019-07-12,22250,22250,21600,21750,57397,369052.0,16967895.0
2019-07-15,21900,21900,20600,20700,142385,351235.0,16967895.0
2019-07-16,20700,21300,20000,20100,133193,341055.0,16967895.0
2019-07-17,20300,20300,18050,18350,434247,311361.0,16967895.0
2019-07-18,18350,18500,17200,17500,297376,296938.0,16967895.0
2019-07-19,17750,18450,17750,18000,159367,305422.0,16967895.0
2019-07-22,18000,18250,17350,17600,156219,298635.0,16967895.0
2019-07-23,17550,18300,17400,17900,136117,303725.0,16967895.0
2019-07-24,18100,18400,17750,17950,105082,304574.0,16967895.0
2019-07-25,18300,18800,17700,18550,95483,314754.0,16967895.0
2019-07-26,18550,18950,18100,18750,105387,318148.0,16967895.0
2019-07-29,18550,18750,17550,17550,120832,297787.0,16967895.0
2019-07-30,17950,19050,17800,18600,94848,315603.0,16967895.0
2019-07-31,18250,19200,17500,18800,158359,318996.0,16967895.0
2019-08-01,18800,18900,18300,18600,49929,315603.0,16967895.0
2019-08-02,18200,18700,18000,18100,33747,307119.0,16967895.0
2019-08-05,18000,18250,16800,17200,79451,291848.0,16967895.0
2019-08-06,16350,17950,15900,15900,133121,269790.0,16967895.0
2019-08-07,16000,17150,16000,17150,131928,290999.0,16967895.0
2019-08-08,17450,19900,17150,18250,318354,309664.0,16967895.0
2019-08-09,18300,18900,17650,18800,112141,318996.0,16967895.0
2019-08-12,19150,19800,18700,18900,132865,320693.0,16967895.0
2019-08-13,18700,19300,18550,19150,44350,324935.0,16967895.0
2019-08-14,19350,19500,17100,17650,375335,299483.0,16967895.0
2019-08-16,18200,18200,17400,17450,99011,296090.0,16967895.0
2019-08-19,17850,18350,17600,18100,78243,307119.0,16967895.0
2019-08-20,18100,19200,17750,18900,129325,320693.0,16967895.0
2019-08-21,18750,19000,18100,18250,113743,309664.0,16967895.0
2019-08-22,18400,18600,18050,18250,55489,309664.0,16967895.0
2019-08-23,18000,18400,17800,18150,70061,307967.0,16967895.0
2019-08-26,17750,17750,16800,17200,90956,291848.0,16967895.0
2019-08-27,17400,18050,17350,17450,44437,296090.0,16967895.0
2019-08-28,17400,17850,17350,17750,35523,301180.0,16967895.0
2019-08-29,17750,18100,17550,17800,42419,302029.0,16967895.0
2019-08-30,18200,18600,18150,18350,89751,311361.0,16967895.0
2019-09-02,18250,18900,18100,18900,74162,320693.0,16967895.0
2019-09-03,19250,21600,18750,20250,445765,343600.0,16967895.0
2019-09-04,20550,20900,19950,20450,151725,346993.0,16967895.0
2019-09-05,20450,20800,20050,20400,111237,346145.0,16967895.0
2019-09-06,20400,20500,19100,19250,158619,326632.0,16967895.0
2019-09-09,19350,20700,19350,20450,255511,346993.0,16967895.0
2019-09-10,20300,20750,19900,20250,121481,343600.0,16967895.0
2019-09-11,20250,20750,20150,20250,85884,343600.0,16967895.0
2019-09-16,20550,21500,20200,20650,198288,350387.0,16967895.0
2019-09-17,20500,20500,19850,20200,98543,342751.0,16967895.0
2019-09-18,20300,20300,19650,20100,50298,341055.0,16967895.0
2019-09-19,20250,20700,19800,20150,83557,341903.0,16967895.0
2019-09-20,20100,20200,19600,19850,73790,336813.0,16967895.0
2019-09-23,19700,20200,19550,20200,73280,342751.0,16967895.0
2019-09-24,20200,20900,19950,20050,155093,340206.0,16967895.0
2019-09-25,20150,20150,19150,19150,66473,324935.0,16967895.0
2019-09-26,19000,19700,18500,18600,89417,315603.0,16967895.0
2019-09-27,18550,20100,18550,19500,203486,330874.0,16967895.0
2019-09-30,19300,19500,18800,19000,86115,322390.0,16967895.0
2019-10-01,19150,19800,19050,19400,91841,329177.0,16967895.0
2019-10-02,19100,19100,18700,18750,62638,318148.0,16967895.0
2019-10-04,18600,18700,18150,18150,50463,307967.0,16967895.0
2019-10-07,18500,18800,18100,18450,45139,313058.0,16967895.0
